feature,importance_regression,importance_classification
bod_log,0.14064744974444846,0.07273631078556833
dissolved_oxygen,0.03233177923249985,0.04200031459929549
fecal_coliform_log,0.02988160410325427,0.0708544474443169
nitrate_n,0.1434035767025054,0.17954048579509524
northeast_state_encoded,0.012808302901571854,0.038742313298373285
ph,0.4420779493779377,0.4026994216427379
sample_year,0.0067200106276164824,0.03626632557757261
temperature,0.0012462309422110057,0.004438559462274843
total_coliform_log,0.19088309636795497,0.15272182139476548
